{
  "network": {
    "id": 1,
    "name": "LNPay-0.13.0-LND",
    "status": 3,
    "path": "/Users/timk/.polar/networks/1",
    "nodes": {
      "bitcoin": [
        {
          "id": 0,
          "networkId": 1,
          "name": "backend1",
          "type": "bitcoin",
          "implementation": "bitcoind",
          "version": "0.21.1",
          "peers": [],
          "status": 3,
          "ports": {
            "rpc": 18444,
            "p2p": 19445,
            "zmqBlock": 28335,
            "zmqTx": 29336
          },
          "docker": {
            "image": "",
            "command": ""
          }
        }
      ],
      "lightning": [
        {
          "id": 0,
          "networkId": 1,
          "name": "alice",
          "type": "lightning",
          "implementation": "LND",
          "version": "0.13.0-beta",
          "status": 3,
          "backendName": "backend1",
          "paths": {
            "tlsCert": "/Users/timk/.polar/networks/1/volumes/lnd/alice/tls.cert",
            "adminMacaroon": "/Users/timk/.polar/networks/1/volumes/lnd/alice/data/chain/bitcoin/regtest/admin.macaroon",
            "invoiceMacaroon": "/Users/timk/.polar/networks/1/volumes/lnd/alice/data/chain/bitcoin/regtest/invoice.macaroon",
            "readonlyMacaroon": "/Users/timk/.polar/networks/1/volumes/lnd/alice/data/chain/bitcoin/regtest/readonly.macaroon"
          },
          "ports": {
            "rest": 8081,
            "grpc": 10001,
            "p2p": 9735
          },
          "docker": {
            "image": "",
            "command": "  lnd\n  --accept-amp\n --accept-keysend\n --noseedbackup\n  --trickledelay=5000\n  --alias={{name}}\n  --externalip=192.168.69.1\n  --tlsextradomain={{name}}\n  --tlsextradomain={{containerName}}\n  --tlsextraip=192.168.69.1\n  --listen=0.0.0.0:9735\n  --rpclisten=0.0.0.0:10009\n  --restlisten=0.0.0.0:8080\n  --bitcoin.active\n  --bitcoin.regtest\n  --bitcoin.node=bitcoind\n  --bitcoind.rpchost={{backendName}}\n  --bitcoind.rpcuser={{rpcUser}}\n  --bitcoind.rpcpass={{rpcPass}}\n  --bitcoind.zmqpubrawblock=tcp://{{backendName}}:28334\n  --bitcoind.zmqpubrawtx=tcp://{{backendName}}:28335"
          }
        },
        {
          "id": 1,
          "networkId": 1,
          "name": "bob",
          "type": "lightning",
          "implementation": "LND",
          "version": "0.13.0-beta",
          "status": 3,
          "backendName": "backend1",
          "paths": {
            "tlsCert": "/Users/timk/.polar/networks/1/volumes/lnd/bob/tls.cert",
            "adminMacaroon": "/Users/timk/.polar/networks/1/volumes/lnd/bob/data/chain/bitcoin/regtest/admin.macaroon",
            "invoiceMacaroon": "/Users/timk/.polar/networks/1/volumes/lnd/bob/data/chain/bitcoin/regtest/invoice.macaroon",
            "readonlyMacaroon": "/Users/timk/.polar/networks/1/volumes/lnd/bob/data/chain/bitcoin/regtest/readonly.macaroon"
          },
          "ports": {
            "rest": 8082,
            "grpc": 10002,
            "p2p": 9736
          },
          "docker": {
            "image": "",
            "command": "  lnd\n  --accept-amp\n --accept-keysend\n --noseedbackup\n  --trickledelay=5000\n  --alias={{name}}\n  --externalip=192.168.69.1\n  --tlsextradomain={{name}}\n  --tlsextradomain={{containerName}}\n  --tlsextraip=192.168.69.1\n  --listen=0.0.0.0:9735\n  --rpclisten=0.0.0.0:10009\n  --restlisten=0.0.0.0:8080\n  --bitcoin.active\n  --bitcoin.regtest\n  --bitcoin.node=bitcoind\n  --bitcoind.rpchost={{backendName}}\n  --bitcoind.rpcuser={{rpcUser}}\n  --bitcoind.rpcpass={{rpcPass}}\n  --bitcoind.zmqpubrawblock=tcp://{{backendName}}:28334\n  --bitcoind.zmqpubrawtx=tcp://{{backendName}}:28335"
          }
        },
        {
          "id": 2,
          "networkId": 1,
          "name": "carol",
          "type": "lightning",
          "implementation": "LND",
          "version": "0.13.0-beta",
          "status": 3,
          "backendName": "backend1",
          "paths": {
            "tlsCert": "/Users/timk/.polar/networks/1/volumes/lnd/carol/tls.cert",
            "adminMacaroon": "/Users/timk/.polar/networks/1/volumes/lnd/carol/data/chain/bitcoin/regtest/admin.macaroon",
            "invoiceMacaroon": "/Users/timk/.polar/networks/1/volumes/lnd/carol/data/chain/bitcoin/regtest/invoice.macaroon",
            "readonlyMacaroon": "/Users/timk/.polar/networks/1/volumes/lnd/carol/data/chain/bitcoin/regtest/readonly.macaroon"
          },
          "ports": {
            "rest": 8083,
            "grpc": 10003,
            "p2p": 9737
          },
          "docker": {
            "image": "",
            "command": "  lnd\n  --accept-amp\n --accept-keysend\n --noseedbackup\n  --trickledelay=5000\n  --alias={{name}}\n  --externalip=192.168.69.1\n  --tlsextradomain={{name}}\n  --tlsextradomain={{containerName}}\n  --tlsextraip=192.168.69.1\n  --listen=0.0.0.0:9735\n  --rpclisten=0.0.0.0:10009\n  --restlisten=0.0.0.0:8080\n  --bitcoin.active\n  --bitcoin.regtest\n  --bitcoin.node=bitcoind\n  --bitcoind.rpchost={{backendName}}\n  --bitcoind.rpcuser={{rpcUser}}\n  --bitcoind.rpcpass={{rpcPass}}\n  --bitcoind.zmqpubrawblock=tcp://{{backendName}}:28334\n  --bitcoind.zmqpubrawtx=tcp://{{backendName}}:28335"
          }
        }
      ]
    }
  },
  "chart": {
    "offset": {
      "x": 220,
      "y": 40
    },
    "nodes": {
      "backend1": {
        "id": "backend1",
        "type": "bitcoin",
        "position": {
          "x": 580,
          "y": 520
        },
        "ports": {
          "backend": {
            "id": "backend",
            "type": "top",
            "position": {
              "x": 100,
              "y": 0
            }
          },
          "peer-left": {
            "id": "peer-left",
            "type": "left",
            "position": {
              "x": 0,
              "y": 21
            }
          },
          "peer-right": {
            "id": "peer-right",
            "type": "right",
            "position": {
              "x": 200,
              "y": 21
            }
          }
        },
        "size": {
          "width": 200,
          "height": 42
        },
        "properties": {
          "status": 3,
          "icon": "./static/media/bitcoin.c9f33461.svg"
        }
      },
      "alice": {
        "id": "alice",
        "type": "lightning",
        "position": {
          "x": 160,
          "y": 180
        },
        "ports": {
          "empty-left": {
            "id": "empty-left",
            "type": "left",
            "position": {
              "x": 0,
              "y": 42
            }
          },
          "empty-right": {
            "id": "empty-right",
            "type": "right",
            "position": {
              "x": 200,
              "y": 18
            }
          },
          "backend": {
            "id": "backend",
            "type": "bottom",
            "position": {
              "x": 100,
              "y": 83
            }
          },
          "ad0cb3bf2248": {
            "id": "ad0cb3bf2248",
            "type": "right",
            "properties": {
              "nodeId": "alice",
              "initiator": true
            },
            "position": {
              "x": 200,
              "y": 42
            }
          },
          "39473eeea78f": {
            "id": "39473eeea78f",
            "type": "right",
            "properties": {
              "nodeId": "alice"
            },
            "position": {
              "x": 200,
              "y": 66
            }
          }
        },
        "size": {
          "width": 200,
          "height": 83
        },
        "properties": {
          "status": 3,
          "icon": "./static/media/lnd.095d2fef.png"
        }
      },
      "bob": {
        "id": "bob",
        "type": "lightning",
        "position": {
          "x": 580,
          "y": 40
        },
        "ports": {
          "empty-left": {
            "id": "empty-left",
            "type": "left",
            "position": {
              "x": 0,
              "y": 18
            }
          },
          "empty-right": {
            "id": "empty-right",
            "type": "right",
            "position": {
              "x": 200,
              "y": 18
            }
          },
          "backend": {
            "id": "backend",
            "type": "bottom",
            "position": {
              "x": 100,
              "y": 83
            }
          },
          "ad0cb3bf2248": {
            "id": "ad0cb3bf2248",
            "type": "left",
            "properties": {
              "nodeId": "bob"
            },
            "position": {
              "x": 0,
              "y": 42
            }
          },
          "890775128d83": {
            "id": "890775128d83",
            "type": "right",
            "properties": {
              "nodeId": "bob",
              "initiator": true
            },
            "position": {
              "x": 200,
              "y": 42
            }
          },
          "9b4bd44413af": {
            "id": "9b4bd44413af",
            "type": "right",
            "properties": {
              "nodeId": "bob"
            },
            "position": {
              "x": 200,
              "y": 66
            }
          },
          "39473eeea78f": {
            "id": "39473eeea78f",
            "type": "left",
            "properties": {
              "nodeId": "bob",
              "initiator": true
            },
            "position": {
              "x": 0,
              "y": 66
            }
          }
        },
        "size": {
          "width": 200,
          "height": 83
        },
        "properties": {
          "status": 3,
          "icon": "./static/media/lnd.095d2fef.png"
        }
      },
      "carol": {
        "id": "carol",
        "type": "lightning",
        "position": {
          "x": 980,
          "y": 180
        },
        "ports": {
          "empty-left": {
            "id": "empty-left",
            "type": "left",
            "position": {
              "x": 0,
              "y": 18
            }
          },
          "empty-right": {
            "id": "empty-right",
            "type": "right",
            "position": {
              "x": 200,
              "y": 42
            }
          },
          "backend": {
            "id": "backend",
            "type": "bottom",
            "position": {
              "x": 100,
              "y": 83
            }
          },
          "890775128d83": {
            "id": "890775128d83",
            "type": "left",
            "properties": {
              "nodeId": "carol"
            },
            "position": {
              "x": 0,
              "y": 42
            }
          },
          "9b4bd44413af": {
            "id": "9b4bd44413af",
            "type": "left",
            "properties": {
              "nodeId": "carol",
              "initiator": true
            },
            "position": {
              "x": 0,
              "y": 66
            }
          }
        },
        "size": {
          "width": 200,
          "height": 83
        },
        "properties": {
          "status": 3,
          "icon": "./static/media/lnd.095d2fef.png"
        }
      }
    },
    "links": {
      "alice-backend1": {
        "id": "alice-backend1",
        "from": {
          "nodeId": "alice",
          "portId": "backend"
        },
        "to": {
          "nodeId": "backend1",
          "portId": "backend"
        },
        "properties": {
          "type": "backend"
        }
      },
      "bob-backend1": {
        "id": "bob-backend1",
        "from": {
          "nodeId": "bob",
          "portId": "backend"
        },
        "to": {
          "nodeId": "backend1",
          "portId": "backend"
        },
        "properties": {
          "type": "backend"
        }
      },
      "carol-backend1": {
        "id": "carol-backend1",
        "from": {
          "nodeId": "carol",
          "portId": "backend"
        },
        "to": {
          "nodeId": "backend1",
          "portId": "backend"
        },
        "properties": {
          "type": "backend"
        }
      },
      "ad0cb3bf2248": {
        "id": "ad0cb3bf2248",
        "from": {
          "nodeId": "alice",
          "portId": "ad0cb3bf2248"
        },
        "to": {
          "nodeId": "bob",
          "portId": "ad0cb3bf2248"
        },
        "properties": {
          "type": "open-channel",
          "channelPoint": "c416d039d1615cb3d6b0bfaae47f5fedd0ce9637ef577b5ac52fad0cb3bf2248:1",
          "capacity": "1000000",
          "fromBalance": "996530",
          "toBalance": "0",
          "direction": "ltr",
          "status": "Open",
          "isPrivate": false
        }
      },
      "890775128d83": {
        "id": "890775128d83",
        "from": {
          "nodeId": "bob",
          "portId": "890775128d83"
        },
        "to": {
          "nodeId": "carol",
          "portId": "890775128d83"
        },
        "properties": {
          "type": "open-channel",
          "channelPoint": "7d44c7be397c14dd6d28a86455d339301ef2a04790fca3e5aaf5890775128d83:1",
          "capacity": "1000000",
          "fromBalance": "996530",
          "toBalance": "0",
          "direction": "ltr",
          "status": "Open",
          "isPrivate": false
        }
      },
      "9b4bd44413af": {
        "id": "9b4bd44413af",
        "from": {
          "nodeId": "carol",
          "portId": "9b4bd44413af"
        },
        "to": {
          "nodeId": "bob",
          "portId": "9b4bd44413af"
        },
        "properties": {
          "type": "open-channel",
          "channelPoint": "1601480bbeec46cc4a2365ef3b042a0f933f9c0856e105b450369b4bd44413af:1",
          "capacity": "1000000",
          "fromBalance": "996530",
          "toBalance": "0",
          "direction": "rtl",
          "status": "Open",
          "isPrivate": false
        }
      },
      "39473eeea78f": {
        "id": "39473eeea78f",
        "from": {
          "nodeId": "bob",
          "portId": "39473eeea78f"
        },
        "to": {
          "nodeId": "alice",
          "portId": "39473eeea78f"
        },
        "properties": {
          "type": "open-channel",
          "channelPoint": "36774f918503c1ffae7718b0e16cc8ade16e5ddbd30808c40acc39473eeea78f:1",
          "capacity": "1000000",
          "fromBalance": "996530",
          "toBalance": "0",
          "direction": "rtl",
          "status": "Open",
          "isPrivate": false
        }
      }
    },
    "selected": {
      "type": "node",
      "id": "alice"
    },
    "hovered": {},
    "scale": 0.806
  }
}